curve,family,order,channel,coding,ebn0_db,errors,information_bits,ber,wilson_low,wilson_high,theory,theory_kind,stop_reason,elapsed_seconds
BPSK / AWGN,psk,2,awgn,none,0,1559,20000,0.07795,0.07431501201465028,0.08174708562030765,0.07864960352514258,exact,error_target,0.0016925679997257248
BPSK / AWGN,psk,2,awgn,none,2,767,20000,0.03835,0.03577594609441669,0.04110136079618471,0.03750612835892598,exact,error_target,0.0016262379999716359
BPSK / AWGN,psk,2,awgn,none,4,435,40000,0.010875,0.009904548214688254,0.011939390441058401,0.01250081804073755,exact,error_target,0.0029651219997504086
BPSK / AWGN,psk,2,awgn,none,6,432,180000,0.0024,0.0021843269778867285,0.0026369115678430265,0.002388290780932807,exact,error_target,0.013190281999868603
BPSK / AWGN,psk,2,awgn,none,8,103,500000,0.000206,0.00016987627238599946,0.00024980342089086957,0.00019090777407599314,exact,bit_cap,0.035016190000078495
BPSK / AWGN,psk,2,awgn,none,10,3,500000,6e-06,2.040543507146045e-06,1.764222291316884e-05,3.872108215522035e-06,exact,bit_cap,0.03600269599974126
QPSK / AWGN,psk,4,awgn,none,0,1576,20000,0.0788,0.0751463779444528,0.08261539322920973,0.07864960352514258,exact,error_target,0.0012083290002919966
QPSK / AWGN,psk,4,awgn,none,2,733,20000,0.03665,0.03413358325183478,0.039344376561357385,0.03750612835892598,exact,error_target,0.0009858839998742042
QPSK / AWGN,psk,4,awgn,none,4,483,40000,0.012075,0.011050535740209338,0.01319317245014116,0.01250081804073755,exact,error_target,0.0019708969998646353
QPSK / AWGN,psk,4,awgn,none,6,420,180000,0.0023333333333333335,0.0021208122912661654,0.002567095766594583,0.002388290780932807,exact,error_target,0.008402926000144362
QPSK / AWGN,psk,4,awgn,none,8,114,500000,0.000228,0.000189815452428136,0.000273863902802954,0.00019090777407599314,exact,bit_cap,0.024634797000089748
QPSK / AWGN,psk,4,awgn,none,10,1,500000,2e-06,3.530491971112022e-07,1.1329778686072605e-05,3.872108215522035e-06,exact,bit_cap,0.022213823000129196
16-QAM / AWGN,qam,16,awgn,none,0,2752,20000,0.1376,0.1328953881706346,0.14244379956283001,0.1391600135710116,square-QAM approximation,error_target,0.0011553590002222336
16-QAM / AWGN,qam,16,awgn,none,2,1955,20000,0.09775,0.09371111057430051,0.10194338243283566,0.09755935237670886,square-QAM approximation,error_target,0.0009138460000031046
16-QAM / AWGN,qam,16,awgn,none,4,1150,20000,0.0575,0.054357844887079176,0.06081210702257342,0.05861845741925091,square-QAM approximation,error_target,0.0007177699999374454
16-QAM / AWGN,qam,16,awgn,none,6,566,20000,0.0283,0.026090795159905335,0.03069037165542376,0.027871306319660706,square-QAM approximation,error_target,0.0006928930001777189
16-QAM / AWGN,qam,16,awgn,none,8,541,60000,0.009016666666666666,0.008291110687461776,0.009805088362825412,0.009247213737517428,square-QAM approximation,error_target,0.002205469999807974
16-QAM / AWGN,qam,16,awgn,none,10,409,220000,0.0018590909090909092,0.0016875760821953903,0.002048001684861567,0.0017541506178927247,square-QAM approximation,error_target,0.008966815999883693
8-PSK / AWGN,psk,8,awgn,none,0,2382,19998,0.11911191119111911,0.11469545166566289,0.12367467383686201,,not available,error_target,0.0007247309999911522
8-PSK / AWGN,psk,8,awgn,none,2,1613,19998,0.08065806580658066,0.07696397239725594,0.08451323286258047,,not available,error_target,0.0006790720003664319
8-PSK / AWGN,psk,8,awgn,none,4,924,19998,0.0462046204620462,0.04338120323102015,0.04920234527041261,,not available,error_target,0.0008518219997313281
8-PSK / AWGN,psk,8,awgn,none,6,411,19998,0.02055205520552055,0.018675763929664416,0.02261250747879148,,not available,error_target,0.0007245500000863103
8-PSK / AWGN,psk,8,awgn,none,8,508,79992,0.006350635063506351,0.005823352823055259,0.006925328111136503,,not available,error_target,0.002897009999742295
8-PSK / AWGN,psk,8,awgn,none,10,408,439956,0.0009273654638191092,0.0008416749353168892,0.0010217711830885097,,not available,error_target,0.016168524000022444
BPSK / Rayleigh,psk,2,rayleigh,none,0,2969,20000,0.14845,0.1435900023553734,0.15344501819567374,0.1464466094067262,exact,error_target,0.002289465000103519
BPSK / Rayleigh,psk,2,rayleigh,none,2,2131,20000,0.10655,0.10234922825998359,0.11090188491256515,0.10848473204958436,exact,error_target,0.0019501050001053954
BPSK / Rayleigh,psk,2,rayleigh,none,4,1563,20000,0.07815,0.07451061592294739,0.08195140489758806,0.07713691605639106,exact,error_target,0.0018710260001171264
BPSK / Rayleigh,psk,2,rayleigh,none,6,1093,20000,0.05465,0.05158456380247849,0.057886482712693886,0.052998883925638784,exact,error_target,0.0022058999998080253
BPSK / Rayleigh,psk,2,rayleigh,none,8,713,20000,0.03565,0.03316818495494267,0.0383101589303617,0.03545906762783807,exact,error_target,0.0019344920001458377
BPSK / Rayleigh,psk,2,rayleigh,none,10,455,20000,0.02275,0.020773357837495007,0.024909940578056854,0.023268705377203824,exact,error_target,0.0019275909999123542
QPSK / Rician (K=5),psk,4,rician,none,0,1950,20000,0.0975,0.09346585350564407,0.10168873551952015,,not available,error_target,0.0012227600000187522
QPSK / Rician (K=5),psk,4,rician,none,2,1244,20000,0.0622,0.05893612561866519,0.06563202115206002,,not available,error_target,0.001164431999768567
QPSK / Rician (K=5),psk,4,rician,none,4,658,20000,0.0329,0.03051620644046968,0.035463193643143265,,not available,error_target,0.001524094000160403
QPSK / Rician (K=5),psk,4,rician,none,6,653,40000,0.016325,0.015128783411627537,0.017614108547111568,,not available,error_target,0.002652262000083283
QPSK / Rician (K=5),psk,4,rician,none,8,452,60000,0.007533333333333334,0.006872296065341367,0.008257426244916478,,not available,error_target,0.0038080409999565745
QPSK / Rician (K=5),psk,4,rician,none,10,471,140000,0.003364285714285714,0.0030742923546889823,0.0036815326924322725,,not available,error_target,0.008759895000366669
BPSK / repetition,psk,2,awgn,repetition,0,2185,20000,0.10925,0.10500143872099697,0.11364863745684879,,not available,error_target,0.006445240000175545
BPSK / repetition,psk,2,awgn,repetition,2,1221,20000,0.06105,0.05781538346016495,0.06445320499348929,,not available,error_target,0.0058273310000913625
BPSK / repetition,psk,2,awgn,repetition,4,515,20000,0.02575,0.02364428206568669,0.02803786413352854,,not available,error_target,0.004843901000185724
BPSK / repetition,psk,2,awgn,repetition,6,420,60000,0.007,0.006363729149285388,0.007699394782534941,,not available,error_target,0.014837720999821613
BPSK / repetition,psk,2,awgn,repetition,8,414,340000,0.0012176470588235295,0.001105926895818562,0.001340637987835678,,not available,error_target,0.06904543599966928
BPSK / repetition,psk,2,awgn,repetition,10,30,500000,6e-05,4.203049157936527e-05,8.565144509221925e-05,,not available,bit_cap,0.10528080199992473
BPSK / Hamming,psk,2,awgn,hamming,0,2334,20000,0.1167,0.11232380878715183,0.12122340605345798,,not available,error_target,0.0029777509998893947
BPSK / Hamming,psk,2,awgn,hamming,2,1083,20000,0.05415,0.0510982651907362,0.05737297336049229,,not available,error_target,0.002940504999969562
BPSK / Hamming,psk,2,awgn,hamming,4,681,40000,0.017025,0.015802843646300083,0.01833991387429126,,not available,error_target,0.005358805000014399
BPSK / Hamming,psk,2,awgn,hamming,6,423,180000,0.00235,0.002136686767640337,0.002584553912187663,,not available,error_target,0.02213875999996162
BPSK / Hamming,psk,2,awgn,hamming,8,56,500000,0.000112,8.625790904181032e-05,0.00014542322861247828,,not available,bit_cap,0.05918852100012373
BPSK / Hamming,psk,2,awgn,hamming,10,3,500000,6e-06,2.040543507146045e-06,1.764222291316884e-05,,not available,bit_cap,0.05981579600029363
